[
  {
    "site": "facebook.com",
    "request": "site:\"facebook.com\" \"$i\" OR \"$n\" OR \"$l\"",
    "stop": 5
  },
  {
    "site": "twitter.com",
    "request": "site:\"twitter.com\" \"$i\" OR \"$n\" OR \"$l\"",
    "stop": 5
  },
  {
    "site": "linkedin.com",
    "request": "site:\"linkedin.com\" \"$i\" OR \"$n\" OR \"$l\"",
    "stop": 5
  },
  {
    "site": "instagram.com",
    "request": "site:\"instagram.com\" \"$i\" OR \"$n\" OR \"$l\"",
    "stop": 5
  },
    {
    "site": "vk.com",
    "request": "site:\"vk.com\" \"$i\" OR \"$n\" OR \"$l\"",
    "stop": 5
  }
]
